ANRABESS Women's Two Piece Outfits Sweater Sets Knit Pullover Tops and High Waisted Pants Lounge Sets,100% Rayon
HP 22-dd0133w 21.5" FHD All-in-One Intel Pentiumn J5040 2.0GHz 4GB RAM 128GB SSD Windows 11 Home S Mode Jet Black(Refurbished)(Renewed),Intel Pentium Silver J5040 (2.0 GHz base frequency, up to 3.2 GHz burst frequency, 4 MB L2 cache, 4 cores)
LEGO Creator 3 in 1 Space Shuttle Toy to Astronaut Figure to Spaceship 31134, Building Toys for Kids, Boys, Girls Ages 6 and up, Creative Gift Idea,LEGO Creator 3 in 1 space toy building set features a space shuttle which rebuilds into an astronaut figure with jointed limbs or a spaceship toy
LEGO Indiana Jones and the Last Crusade Fighter Plane Chase 77012 Building Set, Featuring a Buildable Car and Airplane Toy, 3 Minifigures Including Indiana Jones, Birthday Gift for Kids 8-12 Years Old,Kids have all they need to relive action from the Indiana Jones and the Last Crusade movie with this LEGO Fighter Plane Chase (77012) playset Indiana Jones plane and car playset ‚Äì
Fire HD 10 Tablet (64 GB, Black, Lockscreen Ad Supported) + Keyboard Case,Fire HD 10 is fast and responsive with a powerful octa-core processor and 3 GB RAM. 50% more RAM than previous generation.
Silicone Boot for Stanley 40 oz Quencher Adventure Tumbler and IceFlow Flip 30 oz 20 oz, Stanley Cup Accessories Protector Bottom Sleeve Cover Bumper for Stanley 40 oz with Handle (White),FITS PERFECTLY - This stanley silicone boot is perfect fit for Stanley 40 oz Adventure Quencher Tumbler with handle, 30 oz Stanley IceFlow Tumbler and 20 oz Stanley IceFlow Tumbler.
Beats Studio Buds - True Wireless Noise Cancelling Earphones - Black (Renewed Premium),Custom acoustic platform delivers powerful, balanced sound
HP OfficeJet Pro 9015e Wireless Color All-in-One Printer with 6 Months Free Ink (1G5L3A) (Renewed Premium),6 MONTHS FREE INK when you activate HP plus ‚Äì Includes 6 months free subscription for Instant Ink delivery service with HP plus activation. Ink ships automatically so you never run out. After 6 months, monthly fee applies unless cancelled, and you save up to 50%.
Stanley Quencher H2.0 FlowState Stainless Steel Vacuum Insulated Tumbler with Lid and Straw for Water, Iced Tea or Coffee, Smoothie and More,YOUR DREAM TUMBLER: Whichever way your day flows, the H2.0 FlowState tumbler keeps you refreshed with fewer refills. Double wall vacuum insulation means drinks stay cold, iced or hot for hours. Choose between our 14oz, 20oz, 30oz, and 40oz options depending on your hydration needs. The narrow base on all sizes fits just about any car cup holder, keeping it right by your side.
12 PCS Easter Eggs Filled with Mini Plush Animal Toys, Stuffed Animals Plush Keychain Set for Kids Easter Party Favors, Easter Basket Stuffers Fillers, Easter Egg Hunt, Easter Classroom Prize Supplies,SUPER VALUE: This mini plush animals toys set comes with 12 easter eggs with 12 different mini stuffed animals. They have vivid assorted colors and design.
Alimens & Gentle Men's Stain Shield Dress Shirt Solid Stretch Long Sleeve Shirt Business Casual Button Down Shirts,62% Cotton, 35% Tencel, 3% Spandex
Meat Thermometer Digital for Cooking and Grilling, Collapsible Probe, with Magnet, Calibration, Backlight Waterproof Food Thermometer, Instant Read Thermometer for Kitchen, Meat, Steak, Turkey,„ÄêEasy operation„ÄëBefore you start using the meat thermometer, please tear off the protective film of the thermometer screen. When you start measuring, unfold the probe from the housing and the meat cooking thermometer will light up and display the current temperature. Foldable probe is convenient for you to adjust the angle of use. If you do not have any use operation here, the digital food thermometer automatically turns off after 10 minutes, as a way to extend the life of the battery, fold the probe to end use.
FoodoBay Silicone Oven Mitts - Jet Black Oven Mitts Heat Resistant 500F - Grippy Design, Soft Lining Silicone Oven Gloves - Oven Mits Set for Cooking Baking Kitchen Mittens Pot Holders (with E-Book),NO MORE STEAM SCALD & BURNS; Our Silicone Oven Mitts Sets are ergonomically designed to provide ultimate heat protection up to an impressive 500¬∞F. No matter what you're grabbing from the oven, be it large or small, light or heavy, you can confidently reach in and safely handle it with ease. Our oven mitts pot holders sets effectively defend against steam, hot liquids, and heat, ensuring complete protection for your hands, wrists, and forearms
AIERSA 6 Pack Replacement Straws Compatible Stanley 40oz Tumbler,Plastic Clear Reusable Straw for Stanley Adventure Quencher Travel Tumbler,Long Straws with Cleaning Brush for Stanley Cup Accessories,Product size: AIERSA provides you with a replacement straw of 11.7inch in length and 0.4inch in diameter, which is perfectly compatible with the Stanley tumbler and comes with a cleaning brush of 11inch in length, don't have to worry about cleaning problems.
Joequality Silverware Organizer with IconsÔºåPlastic Cutlery silverware Tray for DrawerÔºåUtensil Tableware Flatware Organizer for Kitchen with Non-slip TPR,Fits Oversized Drawer,6-CompartmentÔºåGrey,‚úîÔ∏è „ÄêKeep Flatware Accessible And Organized„ÄëOn many occasions, kitchen drawers can become quite disorganized, but not for long.This drawer organizer fits all your standard silverware neatly in its own place and still has room for larger items such as rolling pins , spatulas,scissors and more. Use it to keep utensils organized in a kitchen drawer, on a pantry shelf or on a buffet table.
LEGO Marvel Spider-Man's Car and Doc Ock Set 10789, Spidey and His Amazing Friends Buildable Toy for Kids 4 Plus Years Old with Glow in The Dark Pieces,LEGO Marvel Spider-Man building toy for kids ages 4+ years old features a buildable toy car, glow-in-the-dark web elements and 2 minifigures
Lankybox Stickers 50Pcs Lankybox Toys Waterproof Stickers Pack for Water Bottle Laptop Luggage Notebook Phone Skateboard for Kids Teens Adult Girls,üêæ„ÄêAfter-sale service„Äë In order to ensure your 100% satisfaction, we promise that if you have any doubt after receiving the goods, you can return them unconditionally. All goods in the store are distributed, delivered and claims settled by Amazon FBA.
Magic: The Gathering March of the Machine Commander Deck 2 + Collector Booster Sample Pack,Cavalry Charge (White-Blue-Black deck)‚Äî100-card ready-to-play March of the Machine Commander Deck with 2 Traditional Foil Legendary cards and 98 nonfoil cards
MEROKEETY Women 2023 Summer V Neck Ruffle Short Sleeve Blouse Swiss Dot Flowy Shirt Tunic Top,95% Polyester, 5% Spandex
Gocooi Dog Training Collar with Remote 1600FT - Training Effect is Obvious, Waterproof Rechargeable Electric Dog Shock Collar for Small Medium Large Dogs with Flashlight Beep Vibration Shock Modes,„ÄêSafe, Effective, Humane Training Modes„ÄëDog training collar with 5 training modes, Beep, Vibration (adjustable 0-9 levels), Safe shock (adjustable 0-99 levels), Flashlight and Keypad lock, Gocooi shock collar enables you to customize the suitable stimulation levels for your furry friend, useful in discouraging dogs from bad behaviors.
Apple Watch Series 8 [GPS, 45mm] Midnight Aluminum Case with Midnight Sport Band (Renewed),WHY APPLE WATCH SERIES 8 - Your essential companion for a healthy life is now even more powerful. Advanced sensors provide insights to help you better understand your health. New safety features can get you help when you need it. The bright, Always-On Retina display is easy to read, even when your wrist is down.
Set Of 16 Refrigerator Organizer Bins - Plastic Pantry Organization and Storage Baskets - Stackable Food Fridge Organizers with Cutout Handles for Freezer, Kitchen, Countertops, Cabinets,Keep your kitchen cabinet or pantry neatly organized with these practical designed organizer storage bins. Build in carry handles for easy handling. Maximize your space and keep items organized and easy to find
Petiepaw Dog Toothbrush for Dog Teeth Cleaning,4 Pack Dog Tooth Brushing Kit Cat Toothbrush with Full Surround Bristles, Dental Care for Puppies/Cats,Finger Tooth Brush for Medium/Large Dog (4-Pack),„Äê360¬∫ Perfect Design„ÄëPetiepaw finger toothbrushes have 360-degree silicone bristles, 12 times as many as those old ones. Tiny and highly elastic silicone bristles to carefully and thoroughly clean your pet's tooth and gums from many different angles, including many unnoticeable corners. Soft bristles are gentle enough for sensitive dogs and cats.Dog toothbrushes with the same appearance and function are sent randomly
Apple Watch Series 8 (GPS, 45MM) - Starlight Aluminum Case with Starlight Sport Band (Renewed),45mm (1.9") 484x396pixels, 1143sq mm display area, Always-On Retina LTPO OLED display, Up to 1000 nits brightness
PUMIEY Women's V Neck Short Sleeve Bodysuit Sexy Tops Sharp Collection,80%Polyamide, 20%Elastane
PetHappily Dog Food Mat - Raised Edges Dog Mat for Food and Water Prevent Spill, Waterproof Cat Food Mat Protect Floors, Easy Clean Dog Bowl Mats for Food and Water, Silicone Pet Food Mat with E-Book,RAISED EDGES KEEP THE MESSES WHERE IT BELONGS: Keep Your Home Spotless & Enjoy Hassle-Free Dinnertime with Your Furry Friend! Whether they eat with enthusiasm or like to play with their food, our 18.5x11.5 dog food mats for floors waterproof are specially designed to reduce cleanup time for both wet and dry foods. Treat yourself and your furry pal to a cleaner, more enjoyable mealtime experience.
Chunky Gold Hoop Earrings for Women, Lightweight Waterdrop Hollow Open Hoops, Hypoallergenic Gold Plated Earrings Fashion Jewelry for Women Girls,[Must Have Hoop Earring] This Earring Dupes are the trendy earrings dupes. Gold hoop earrings crafted to be lightweight for easy all-day wear.
102Pcs Taylor Stickers Album Folklore & Evermore Red Swift Decals MerchÔºåWaterproof Vinyl Decal for LaptopÔºåMusic Sticker for Water BottleÔºåSinger Sticker for Car Bumper Luggage Computer SkateboardÔºåGifts for Aldults Boys Girls Teens,High quality: Taylor Stickers Swift Decals is made of waterproof PVC material which are sun protection and waterproof. About 2-4 in 100 pcs Cute stickers No duplicates.
Lenovo Thinkpad 13 Laptop 13.3" FHD (1920x1080) IPS Business Laptop, Intel 7th gen Celeron 3865U, 16GB DDR4 RAM, 256GB SSD, Webcam, Window 10 pro (Renewed),Lenovo ThinkPad 13 IPS Business Laptop , with 16GB RMA and 256GB of data.
4 Ports USB Hub, SANZANG USB 3.0 Hub, 5Gbps USB Splitter USB Port Expander for Laptop, Xbox, Flash Drive, HDD, Console, Printer, Camera,Keyborad, MouseÔºà6 inchÔºâ,„Äê5Gbps Improve Efficiency„Äë The SAN ZANG MASTER USB 3.0 hub provides 5Gbps fast and stable data transfer, with a speed sufficient to transfer HD movies in seconds. The SAN ZANG MASTER USB splitter can simultaneously read two 1TB 2.5 inch SSD. Backwardly compatible with USB 2.0 and USB 1.1 devices, and compatible with OTG functionality. (To use this feature, the phone needs to support OTG functionality)
WYZE Cam Pan v3 Indoor/Outdoor IP65-Rated 1080p Pan/Tilt/Zoom Wi-Fi Smart Home Security Camera with Motion Tracking for Baby & Pet, Color Night Vision, 2-Way Audio, Works with Alexa & Google Assistant,Indoor/Outdoor: Wyze Cam Pan v3 is a wired pan-and-tilt video camera with an IP65 rating, so you can confidently install it and track the action, whether outside in the rain or inside in the nursery (outdoor use requires Wyze Outdoor Power Adapter v2, sold separately).
Amazon Basics Tall Open Top Cat Litter Box with High Sides and Cat Litter Scoop,Litter box with high sides to keep litter neatly contained, minimizing litter scattered on the floor
Stanley Adventure Quencher Travel Tumbler 40 oz - Peach Tie Dye,Keeps drinks hot for 7 hours
LEGO Icons Wildflower Bouquet 10313 Artificial Flowers with Poppies and Lavender, Anniversary for Wife, Unique Home D√©cor, Botanical Collection with Spring Flowers,Cultivate creativity ‚Äì Build and display a lifelike LEGO Icons Wildflower Bouquet (10313) with this immersive building project for adults. Please note, a vase is not included
Apple 2023 MacBook Pro Laptop M2 Pro chip with 10‚Äëcore CPU and 16‚Äëcore GPU: 14.2-inch Liquid Retina XDR Display, 16GB Unified Memory, 512GB SSD Storage. Works with iPhone/iPad; Space Gray,SUPERCHARGED BY M2 PRO OR M2 MAX ‚Äî Take on demanding projects with the M2 Pro or M2 Max chip. M2 Pro has up to 12 CPU cores, up to 19 GPU cores, and up to 32GB unified memory. M2 Max has 12 CPU cores, up to 38 GPU cores, and up to 96GB unified memory.
LEGO Disney and Pixar ‚ÄòUp‚Äô House 43217 Disney 100 Celebration Building Toy Set for Kids and Movie Fans Ages 9+, A Fun Gift for Disney Fans and Anyone Who Loves Creative Play,Give a movie fan or any kid who lives for high-flying adventures a gift full of details to inspire the imagination with this LEGO Disney and Pixar ‚ÄòUp‚Äô House (43217) set
HUTJDHA Denim Jumpsuit for Women,Women's Casual Adjustable Strap Cuffed Hem Denim Y2K Comfy Overalls Shorts Romper & Dress,Material: Cotton Blend, üåπüåπüåπüåπDear Customer, The Size Of The Product Is Too Small, Please Refer To The Last Size Chart In The Picture Or The Size Analysis In The Description Before Purchasing. It Is Recommended To Buy One Size Larger. Welcome! One Size Larger. Welcome!
2023 New Pet Toy Flying Saucer Ball, Flying Saucer Ball Dog Toy, Pet Toy Flying Saucer, Flying Saucer Dog Toy, Pet Flying Saucer Ball, Flying Saucer Ball for Dogs.,Pet Toy Flying Saucer Ball - This stomp ball is cool and kinetic, with a lighting sense, the night can also be happy to play, by external force when there are colorful lights, press, and catch the ball more coolly.
Easter Whoppers Robin Eggs Malted Milk With Crunchy Shell Candy Bag | For Egg Hunt Deco Basket Stuffer Party Favor Treat Gift Baking Snack Dessert Candy - Happy Easter Card & Box Included,You will receive;
Magic: The Gathering March of the Machine: The Aftermath Epilogue Booster Box | 24 Packs (120 Magic Cards),Get 24 lore-packed Epilogue Boosters to witness the conclusion of the March of the Machine storyline
Pok√©mon TCG: Scarlet & Violet Booster Bundle,Expand your collection with this Booster Bundle containing six booster packs from Pok√©mon TCG: Scarlet & Violet!
Redbarn Bully Sticks for Dogs - All Natural, Healthy Single Ingredient & Long-Lasting Dog Chew & Dog Treat - Beef Rawhide Alternative - 5-8'' Variety Pack - Bully Sticks for Small Dogs and Large Dogs,Made from beef pizzle, our Redbarn single-ingredient dog chews are grain-free, and contain no artificial chemicals, flavors, and preservatives. These bully sticks for small dogs, large dogs, and dogs of all sizes are the perfect dog chew to keep your dog entertained and healthy.
Pok√©mon TCG: Scarlet & Violet Booster Display Box (36 packs),The Pok√©mon TCG: Scarlet & Violet Booster Display Box contains 36 booster packs from the New Pok√©mon TCG: Scarlet & Violet expansion
PETLIBRO Automatic Cat Feeders, Timed Cat Feeder Programmable 1-6 Meals Control, Automatic Pet Feeder for Cat & Dog, Cat Food Dispenser with Long Battery Life, Automatic Dog Feeder for Dry Food Black,Healthy Diet Assistant: Is your cat eating irregularly? Set up to 6 meals a day with 1‚Äì16 portions each using the PETLIBRO Air automatic cat feeder for a healthy diet.
Dell 4TB 7.2K RPM SATA-6Gbps 3.5 Inch LFF Enterprise Hard Disk Drive 2MJ55 MG03ACA400 (Renewed),This Certified Refurbished product is tested and certified to look and work like new. The refurbishing process includes functionality testing, basic cleaning, inspection, and repackaging. The product ships with all relevant accessories, a minimum 90-day warranty, and may arrive in a generic box. Only select sellers who maintain a high performance bar may offer Certified Refurbished products on Amazon.com
ANRABESS Women Swimsuit Crochet Swim Cover Up Summer Bathing Suit Swimwear Knit Pullover Beach Dress,100% Acrylic
45W Charger for Dell Laptop Charger,AC Adapter for Dell Inspiron 15 3000 5000 Series 15-3552 3555 3558 3565 3567 5551 5552 5555 5558 5559 Laptop Power Supply Cord,„ÄêPower Specs„ÄëOutput:19.5V~2.31A~45W;Input:100-240V~1.2A,50-60HZ.Connector Size: interior diameter: 3.0 mm; external diameter: 4.5mm.Ôºàfor 45W Round ConnectorsÔºâ
Apple Watch Series 8 41mm GPS Silver Aluminum Case - White Sport Band (Renewed),WHY APPLE WATCH SERIES 8 ‚Äî Your essential companion for a healthy life is now even more powerful. Advanced sensors provide insights to help you better understand your health. New safety features can get you help when you need it. The bright, Always-On Retina display is easy to read, even when your wrist is down.
YETI Rambler 35 oz Straw Mug, Vacuum Insulated, Stainless Steel, Seafoam,Built to house 35 ounces of your favorite cold beverages, this is one hefty hydrator. Supremely insulated and made with an elevated handle and a cup holder-compatible design
Women's Bags Trendy Fashion Drawstring Bucket Bag Lady Bag Cross-Border Casual Letter Handbag Crossbody,The bag is made of heavy duty polyester, which is durable enough to hold all your belongings
REORIA Women‚Äôs Sexy Plunge Deep V Neck Sleeveless V Backless Going Out Tank Bodysuits Tops,üå∏Material:75%Nylon+25%Spandex.Buttery soft likes the second-skin and amount of stretch gives a smooth, fitting, suck in, look! Breathable and super comfortable to wear.
Benebone Tripe Bone Durable Dog Chew Toy for Aggressive Chewers, Real Tripe, Made in USA, Medium,DURABLE, LONG-LASTING ‚Äì Super chewer? Bring it on. Benebones are tougher than real bones and last for weeks.
Apple 2023 MacBook Pro Laptop M2 Pro chip with 12‚Äëcore CPU and 19‚Äëcore GPU: 16.2-inch Liquid Retina XDR Display, 16GB Unified Memory, 512GB SSD Storage. Works with iPhone/iPad; Space Gray,SUPERCHARGED BY M2 PRO OR M2 MAX ‚Äî Take on demanding projects with the M2 Pro or M2 Max chip. M2 Pro has 12 CPU cores, 19 GPU cores, and up to 32GB unified memory. M2 Max has 12 CPU cores, up to 38 GPU cores, and up to 96GB unified memory.
DREAM PAIRS Women's Comfort Slip-on Arch Support Orthotic Flip Flops, Summer Cute T-Strap Flat Thong Sandals with Adjustable Buckle,Ethylene Vinyl Acetate sole
VETRESKA Dog Poop Bag Dispenser with Cherry Blossom Scented Poop Bags, Leak Proof, Extra Thick Dog Waste Bags, 1 Count Bag Holder and 105 Count Bags for Dog Walking and Cats Litter, Pink,‚úÖ„Äê CHERRY BLOSSOM SCENTED „ÄëThe poop bags uses the fragrance of cherry blossoms. The smell of cherry blossoms is very comforting and pleasant. It can effectively reduce the unpleasant smell of dog poop and cat poop.
Floral Print Tops for Women Short Sleeve Plus Size T Shirts V Neck Casual Workout Shirt Vintage Graphic Boho Tees Henley Tops,women's plus size tops stripe‚ñ≤ÂìÅÁâåÂ∑≤Ê≥®ÂÜåÔºå24Â∞èÊó∂ÂÖ®Â§©ÂÄôÁõëÊµãÔºåÂèëÁé∞Ë∑üÂçñÂøÖÊäïËØâÔºÅ‰∏çÊé•Âèó‰ªª‰ΩïÈÅìÊ≠âË°å‰∏∫ÔºÅOnly‚ñ≤‚ñ≤Womens Tops 2023 Clothes Store‚ñ≤‚ñ≤are genuine,other sellers are fraudulent, and do not deliver goods.
Cat Water Fountain, GIOTOHUN Faucet-Shaped 67oz/2L Cat Fountain, Super Silent Pet Water Fountain, Built-In Led Light, Activated Carbon Filter, Translucent Water Tank, Suitable for Multiple Pets, Black,„Äê2L Capacity, Removable And Easy To Clean Parts„Äë The cat water fountain has 2L (64oz), so you don't need to refill it frequently. A cat water fountain filled with water can provide your pet with 4-6 days of drinking water, making your trip worry-free. The cat water fountain has a detachable design and its parts are removable, which is very convenient for you to replace or clean.
Engfa 30 Pcs Plastic Eggs and Slings Easter Chicks Easter Egg Decorating Kit with 12 Dying Markers, Easter Egg Decorating Kit Spinner, Easter Basket Stuffers Easter Toy Easter Gifts for Boys Girls,üê£„ÄêSuper Cute Easter Clicks„Äë: Our Engfa eggs spinner is designed in a new patent! It can clamp the egg firmly and then turn on the switch, the easter egg can rotates smoothly. Kids can easy to drawing colorful, nice and clean lines on the eggs with no messy coloring. Perfect easter gift sets for kids!
Dimur Womens Tops Dressy Casual V Neck Criss Cross T Shirts Cute Clothes Summer Fashion,60% polyester/35% rayon/5% spandex Soft, Breathable and Comfortable
LEGO Creator 3 in 1 Adorable Dogs Set 31137 with Dachshund, Pug, Poodle Figures, Animal Building Toy for Kids Ages 7 and Up, Gift for Dog Lovers, Easter Gift Idea,Kids can create 3 different groups of dogs with this LEGO Creator 3in1 Adorable Dogs toy building set, featuring animal figures from 7 cute breeds
USB Hub 3.0 with 7 Ports, VIENON Aluminium USB 3.0 Hub USB Splitter USB Extender for for Laptop, PC, MacBook, Mac Pro, Mac Mini, iMac, Surface Pro and More,„Äê7 Ports at the same time„Äë: This usb port expander for laptop provides stable performance for 7 ports work simultaneously without any pressure and the temperature keeps within moderate range. Perfect solution to the problem of insufficient USB interface of your device.
XIEERDUO Womens Summer Tops Casual V Neck T Shirts Short Sleeve Shirts Loose Fit Flowy,The material is 60% polyester 35% rayon 5% spandex
Apple 2021 iPad 9th Gen (10.2 inch, Wi-Fi + Cellular, 64GB) Space Gray (Renewed Premium),Gorgeous 10.2-inch Retina display with True Tone - A13 Bionic chip with Neural Engine
USB C Laptop Docking Station Dual Monitor HDMI for Dell/HP/Lenovo Laptop USB C Hub Multiport Adapter Dongle Dock,USB C to 2 HDMI+DisplayPort DP+Ethernet+100W USB C Power Charging Port+5USB+SD/TF+Audio,USB C Docking Station(13 in 1): This docking station easily convert your laptop‚Äôs USB-C/thunderbolt 3/Type C Port into 13 Ports: HDMI 1 (4K@60Hz), HDMI 2 (4K@30Hz),Display Port(4K@60Hz),100W USB C Power Delivery port,Gigabit Ethernet(1Gbps) ,3 USB 3.0, 2 USB 2.0,SD/Micro SD card readers,3.5mm Mic/audio port. This laptop docking station is a great gadgets that makes your work more effective.
MEROKEETY Women's 2023 Summer Puff Sleeve Smocked Floral Dress Crewneck Lace Flowy Tiered Midi Dresses,Full Polyester
Amazon Fire HD 8 tablet, 8" HD display, 32 GB, designed for portable entertainment, Black (Renewed Premium),A Certified Refurbished Fire HD 8 is refurbished, tested, and certified to look and work like new and comes with the same limited warranty as a new device.
Pokemon TCG: Crown Zenith Elite Trainer Box,10 Pok√©mon TCG: Crown Zenith booster packs
AIERSA 2Pcs Silicone Boot for Stanley 40 oz Quencher Tumbler with Handle & Stanley IceFlow 20oz 30oz, Protective Water Bottle Bottom Sleeve Cover, Stanley Cup Accessories, Clear,Better Protection - Still worried about broken, scratched bottom of the stainless steel water bottles? or embarrassed by the bottle's nosiy clanking on counters or tables? This silicone boot for stanley 40 oz quencher can protect your cup from collision, scratches, and will not make a noise when placing it on the table!
Bonsenkitchen Vacuum Food Sealer Rolls Bags, 2 Packs 11 in x 20 ft Storage Bags, BPA Free, Durable Commercial Customized Size Food Bags for Food Storage and Sous Vide Cooking,„ÄêBPA FREE„ÄëBonsenkitchen vacuum food sealer roll bags can be microwaved, frozen, re-used, washed, boiled and dishwasher safe. Allows you to precisely control your cooking temperature to achieve perfect results. You can cook sous vide in Bonsenkitchen bags by placing them in water at any temperature up to 230¬∞F/110¬∞C
Compatible with MacBook Pro Charger, Magnetic L-Type Charger, Replacement Charger for Notebook (White-60W),Replacement charger AC adapter for Mac Book Pro 13/15/17 Before Mid 2012
Cool Brand Stickers, 300Pcs Stickers for Water Bottles, Waterproof Vinyl Sticker Packs for Kids Teens Adults, Mixed Stickers for Laptop, Skateboard, Computer, Luggage, Helmets,Cool Brand Stickers: Such a good selection! Each sticker pack contains 300pcs of vinyl stickers with different patterns. Not random delivery, not repeated. The water bottle stickers sizes are 2-3 inches.
LEGO Indiana Jones Escape from The Lost Tomb 77013 Building Toy, Featuring a Mummy and an Indiana Jones Minifigure from Raiders of The Lost Ark Movie, Gift Idea for Kids 8 Years Old,Kids can relive a scene from the Raiders of the Lost Ark movie with this interactive LEGO Escape from the Lost Tomb (77013) Indiana Jones playset
MateeyLife 3PCS Large Licking Mat for Dogs and Cats, Lick Mats with Suction Cups for Dog Anxiety Relief, Cat Lick Pad, Dog Enrichment Toys for Boredom Reducer, Dog Treat Mat for Bathing Grooming.,SLOW FEEDING AND IMPROVES DIGESTION - Licking mat is a unique form of pet slow feeder dog bowl for dog, puppy, cat and kitten. This lick mats has different textures which design effectively reduces the speed of a pet's eating and prolongs mealtime, thereby cleaning the pet's tongue and promoting healthier teeth, which provide dental care and improves health digestion effectively.
YETI Rambler 26 oz Bottle, Vacuum Insulated, Stainless Steel with Straw Cap, Canopy Green,Housing 26 ounces of thirst quenching power and made to fit in your backpack, this one‚Äôs been dubbed the goldilocks of the YETI Bottle line. And with the leak-resistant YETI Straw Cap, you‚Äôve got a bottle made for every day, easy sippin‚Äô
Lenovo IdeaPad 1 14IGL7 14" Laptop Intel Pentium Silver N5030 4GB Ram 128 GB eMMC W11H in S mode (Renewed),Intel Pentium Silver N5030 (4C / 4T, 1.1 / 3.1GHz, 4MB)
Oojami Serves 50 Easter Dinner Plates Dessert Plates Ideal for Home office restaurants schools church (Plates - 100 Pack),Serves 50 Guests
Easter Dog Cat Headband Bandana Set, Holiday Bib Easter Eggs and Cute Bunny csotume for Large Medium Small Puppies Pets (One Size),Pack of 2 Easter headband+Bunny bandana with Easter spirit pattern, bandana size 26.7x 18 x18inches"; This festive Holiday /Easter pet costume fits for cats and small medium and large dogs.
Dog Muzzle, Soft Dog Muzzle for Large Dogs Mask Anti Biting Chewing Licking Breathable No Bark Muzzle Mesh Printed Full Coverage Muzzle with Anti-Falling Accessory for Small Medium Large Sized Dog L,„ÄêHealth Guard for Dog„Äë--- Our full-coverage dog muzzle for medium sized dog completely protects your dog from licking, snorting bait or other toxic substances, quick removal, and picking up sticks or larger items while walking. Our new style large dog muzzle is perfect for dog walks, vet visits, grooming, making friends and more.
LEGO DUPLO My First Growing Carrot 10981, Stacking Toys for Babies 1.5+ Years Old with 4 Vegetable Bricks, Learning Educational Toy for Toddlers,LEGO DUPLO Growing Carrot educational toy teaches toddlers ages 1.5+ how plants grow and sustainable living, while honing their stacking skills
HP ProBook 445 G8 14" FHD (1920x1080) Business Laptop, Ryzen5 5600U (6-Core), 16GB RAM, 512GB SSD, Webcam, Backlit Keyboard, Fingerprint, Windows 10 Pro (Renewed),HP ProBook 445 G8 14" Laptop for Business/Gaming Laptop
Lenovo IdeaPad 15.6" Laptop Newest, 15.6 Inch HD Anti-Glare Display, AMD Dual-core Processor, 20GB RAM 1TB SSD, WiFi6 Bluetooth5, 9.5Hr Battery, Windows 11 +GM Accessories,„ÄêAMD Dual-core Processor„Äë AMD Athlon Silver 3050U (2.3 GHz, up to 3.2 GHz). This laptop is powered by AMD which gives good performance with efficiency. It can also do simple gaming thanks to its integrated AMD Radeon graphics.Integrated graphics chipset with shared video memory provides solid image quality for Internet use, movies, basic photo editing and casual gaming.
90S Cartoon Stickers 100PCS Vinyl Waterproof Stickers for Laptop,Bumper,Skateboard,Water Bottles,Computer,Phone,Cartoon Anime Stickers for Kids Teens Adult,üéÄ„ÄêCartoon Stickers„ÄëThis series of stickers including 100pcs are specially designed for Cartoon. All the Stickers are 100% Brand New .Unique Personalized Pattern perfect for Kids/Adult/Teens Gift!
Replacement Straw Compatible with Stanley 40 oz 30 oz Cup Tumbler, 6 Pack Reusable Straws with Cleaning Brush for Stanley Adventure Travel Tumbler, Plastic Clear Straw for Stanley Accessories,Compatible: 12.13" length x 0.375" wide , 6 counts long clear straws plus one cleaning brush. Compatible with stanley straw replacement 40 oz 30oz. Better stanley cup accessories.
SAMSUNG Galaxy Watch 5 44mm Bluetooth Smartwatch w/Body, Health, Fitness and Sleep Tracker, Improved Battery, Sapphire Crystal Glass, Enhanced GPS Tracking, US Version, Gray (Renewed),ADVANCED SLEEP COACHING: Manage your overall sleep quality with an advanced sleep tracker that detects and analyzes sleep stages while you rest; Plus, Advanced Sleep Coaching helps you develop better sleep habits by analyzing your sleep patterns*.Supported Application:Fitness Tracker,Blood Pressure Monitor,Multisport Tracker,Time Display,GPS. Connectivity technology:Bluetooth. Wireless comm standard:Bluetooth,802_11_AGNAC
USB Hub, PHIXERO 4-Port USB 3.0 Hub Multi USB Port Expander, Fast Data Transfer USB Splitter for Laptop, Compatible with All USB Port Device,„Äê5Gbps High-Speed Transmission„ÄëUSB 3.0 hub provides 5 Gbps stable data transfer, it is fast enough to transfer an HD movie in seconds. Backward compatible with USB 2.0 and USB 1.1 devices,and compatible with OTG function. (To use this function, the mobile phone needs to support OTG function)
IOKUKI 100 PCS Cute Animal Stickers for Kids, Waterproof Vinyl Aesthetic Decal Sticker Pack for Water Bottle Laptop Phone Skateboard Boys Girls Teens,1. Theme: Cute animal stickers with 100 patterns.
Squishmallows 30-Inch Beula Octopus Pet Bed - Large Ultrasoft Official Squishmallows Plush Pet Bed,SQUAD UP Grow your Squishmallows Squad with this 30-inch super-soft Beula octopus bolster pet bed
Squishmallows 5-Inch 10-Pack Plush - Diane Bigfoot, Giles Grasshopper, Maritza Cactus, Nico Axolotl, Rachel Mushroom, and More - Ultrasoft Official Kelly Toy Plush,SQUAD UP Grow your Squishmallows Squad with this 5-inch super-soft, collectible stuffed animal 10-pack
Collapsible Colander, Set of 3 PCS Collapsible Strainer, 4 Quart Large Size Food Colander Perfect for Draining Pasta, Spaghetti, Fruits and Vegetables,HEALTHY MATERIALS&PREMIUM QUALITY--Using environmentally friendly materials( BPA free), Afoddon food strainer is non-toxic and has no odour at all. Heat resistant up to 248¬∫F, the food colander is safe with dishwasher and convenient for your family to use everyday.
Pokemon TCG: Crown Zenith Special Collection - Pikachu VMAX,1 etched foil promo card featuring Pikachu VMAX
Drinco 40oz 30 oz Tumbler with Handle, Straw Lid, Insulated Stainless Steel Travel Mug Water Bottle Ice Coffee Cup For Cold and Hot, BigSur (40oz, Peach),‚úÖ PREMIUM QUALITY STAINLESS STEEL: The Drinco travel tumbler with straw has been constructed with a sturdy stainless steel body a material lauded for its durability. Effective insulation with a see-through screw on cap to keep your drinks hot and cold.
Corsair HS80 RGB WIRELESS Premium Gaming Headset with Dolby Atmos Audio - White(Renewed),Live the Game: The HS80 RGB WIRELESS merges iconic CORSAIR design, superb audio quality, industry-leading wireless technology, and durable build quality.
REORIA Women's Sexy Casual V Neck Double Lined Sleeveless Slimming Going Out Tank Top Bodysuits,üå∏Material:75%Nylon+25%Spandex.Buttery soft likes the second-skin and amount of stretch gives a sucking in,breathable and super comfortable to wear.
Coomazy Dog Lick Mat, Dog Slow Feeder, Boredom and Anxiety Reducer, Non-Slip Design Lick Mat for Dogs and Cats, Suitable for Treats, Yogurt, Peanut Butter and Liver Paste, BPA-Free, Non-Toxic, Grey,„ÄêFood-Grade Material„Äë---100% edible silicone, free of BPA and phthalates, environmentally safe. The thickened silicone mat soft, durable, flexible, waterproof, foldable.. At the same time, the three textures designed for dogs do not hurt their tongues and keep them safe.
