Redbarn Bully Sticks for Dogs - All Natural, Healthy Single Ingredient & Long-Lasting Dog Chew & Dog Treat - Beef Rawhide Alternative - 5-8'' Variety Pack - Bully Sticks for Small Dogs and Large Dogs,Made from beef pizzle, our Redbarn single-ingredient dog chews are grain-free, and contain no artificial chemicals, flavors, and preservatives. These bully sticks for small dogs, large dogs, and dogs of all sizes are the perfect dog chew to keep your dog entertained and healthy.
======VETRESKA Dog Poop Bag Dispenser with Cherry Blossom Scented Poop Bags, Leak Proof, Extra Thick Dog Waste Bags, 1 Count Bag Holder and 105 Count Bags for Dog Walking and Cats Litter, Pink,‚úÖ„Äê CHERRY BLOSSOM SCENTED „ÄëThe poop bags uses the fragrance of cherry blossoms. The smell of cherry blossoms is very comforting and pleasant. It can effectively reduce the unpleasant smell of dog poop and cat poop.
======MEROKEETY Women's 2023 Summer Puff Sleeve Smocked Floral Dress Crewneck Lace Flowy Tiered Midi Dresses,Full Polyester
======HP 22-dd0133w 21.5" FHD All-in-One Intel Pentiumn J5040 2.0GHz 4GB RAM 128GB SSD Windows 11 Home S Mode Jet Black(Refurbished)(Renewed),Intel Pentium Silver J5040 (2.0 GHz base frequency, up to 3.2 GHz burst frequency, 4 MB L2 cache, 4 cores)
======LEGO Creator 3 in 1 Space Shuttle Toy to Astronaut Figure to Spaceship 31134, Building Toys for Kids, Boys, Girls Ages 6 and up, Creative Gift Idea,LEGO Creator 3 in 1 space toy building set features a space shuttle which rebuilds into an astronaut figure with jointed limbs or a spaceship toy
======Dell 4TB 7.2K RPM SATA-6Gbps 3.5 Inch LFF Enterprise Hard Disk Drive 2MJ55 MG03ACA400 (Renewed),This Certified Refurbished product is tested and certified to look and work like new. The refurbishing process includes functionality testing, basic cleaning, inspection, and repackaging. The product ships with all relevant accessories, a minimum 90-day warranty, and may arrive in a generic box. Only select sellers who maintain a high performance bar may offer Certified Refurbished products on Amazon.com
======MEROKEETY Women 2023 Summer V Neck Ruffle Short Sleeve Blouse Swiss Dot Flowy Shirt Tunic Top,95% Polyester, 5% Spandex
======Apple Watch Series 8 [GPS, 45mm] Midnight Aluminum Case with Midnight Sport Band (Renewed),WHY APPLE WATCH SERIES 8 - Your essential companion for a healthy life is now even more powerful. Advanced sensors provide insights to help you better understand your health. New safety features can get you help when you need it. The bright, Always-On Retina display is easy to read, even when your wrist is down.
======Apple Watch Series 8 (GPS, 45MM) - Starlight Aluminum Case with Starlight Sport Band (Renewed),45mm (1.9") 484x396pixels, 1143sq mm display area, Always-On Retina LTPO OLED display, Up to 1000 nits brightness
======Apple Watch Series 8 41mm GPS Silver Aluminum Case - White Sport Band (Renewed),WHY APPLE WATCH SERIES 8 ‚Äî Your essential companion for a healthy life is now even more powerful. Advanced sensors provide insights to help you better understand your health. New safety features can get you help when you need it. The bright, Always-On Retina display is easy to read, even when your wrist is down.
======ANRABESS Women's Two Piece Outfits Sweater Sets Knit Pullover Tops and High Waisted Pants Lounge Sets,100% Rayon
======MateeyLife 3PCS Large Licking Mat for Dogs and Cats, Lick Mats with Suction Cups for Dog Anxiety Relief, Cat Lick Pad, Dog Enrichment Toys for Boredom Reducer, Dog Treat Mat for Bathing Grooming.,SLOW FEEDING AND IMPROVES DIGESTION - Licking mat is a unique form of pet slow feeder dog bowl for dog, puppy, cat and kitten. This lick mats has different textures which design effectively reduces the speed of a pet's eating and prolongs mealtime, thereby cleaning the pet's tongue and promoting healthier teeth, which provide dental care and improves health digestion effectively.
======Squishmallows 5-Inch 10-Pack Plush - Diane Bigfoot, Giles Grasshopper, Maritza Cactus, Nico Axolotl, Rachel Mushroom, and More - Ultrasoft Official Kelly Toy Plush,SQUAD UP Grow your Squishmallows Squad with this 5-inch super-soft, collectible stuffed animal 10-pack
======Petiepaw Dog Toothbrush for Dog Teeth Cleaning,4 Pack Dog Tooth Brushing Kit Cat Toothbrush with Full Surround Bristles, Dental Care for Puppies/Cats,Finger Tooth Brush for Medium/Large Dog (4-Pack),„Äê360¬∫ Perfect Design„ÄëPetiepaw finger toothbrushes have 360-degree silicone bristles, 12 times as many as those old ones. Tiny and highly elastic silicone bristles to carefully and thoroughly clean your pet's tooth and gums from many different angles, including many unnoticeable corners. Soft bristles are gentle enough for sensitive dogs and cats.Dog toothbrushes with the same appearance and function are sent randomly
======Alimens & Gentle Men's Stain Shield Dress Shirt Solid Stretch Long Sleeve Shirt Business Casual Button Down Shirts,62% Cotton, 35% Tencel, 3% Spandex
======Elmer‚Äôs Squishies Kids‚Äô Activity Kit, DIY Squishy Toy Kit Creates 4 Mystery Characters, 24 Piece Kit,Kids' activity kit helps you make your own squishy toys; creates 4 mystery characters
======Beats Studio Buds - True Wireless Noise Cancelling Earphones - Black (Renewed Premium),Custom acoustic platform delivers powerful, balanced sound
======Set Of 16 Refrigerator Organizer Bins - Plastic Pantry Organization and Storage Baskets - Stackable Food Fridge Organizers with Cutout Handles for Freezer, Kitchen, Countertops, Cabinets,Keep your kitchen cabinet or pantry neatly organized with these practical designed organizer storage bins. Build in carry handles for easy handling. Maximize your space and keep items organized and easy to find
======Anime Mixed Stickers[100 Pcs] Vinyl Waterproof Stickers for Laptop Water Bottles for Hydro Flask Skateboard Computer Phone Anime Sticker Pack for Kids/Teen(Anime Mixed Stickers),üåü„Äê100 Pack Anime Stickers„ÄëContains: a variety of animations, each style is not repeated. Contains high-quality stickers: the stickers are made of waterproof PVC material, sunscreen and waterproof, all stickers are 100% brand new. The unique personalized pattern is very suitable for fans!
======Pokemon TCG: Crown Zenith Special Collection - Pikachu VMAX,1 etched foil promo card featuring Pikachu VMAX
======PETLIBRO Automatic Cat Feeders, Timed Cat Feeder Programmable 1-6 Meals Control, Automatic Pet Feeder for Cat & Dog, Cat Food Dispenser with Long Battery Life, Automatic Dog Feeder for Dry Food Black,Healthy Diet Assistant: Is your cat eating irregularly? Set up to 6 meals a day with 1‚Äì16 portions each using the PETLIBRO Air automatic cat feeder for a healthy diet.
======Magic: The Gathering March of the Machine: The Aftermath Epilogue Booster Box | 24 Packs (120 Magic Cards),Get 24 lore-packed Epilogue Boosters to witness the conclusion of the March of the Machine storyline
======PUMIEY Women's V Neck Short Sleeve Bodysuit Sexy Tops Sharp Collection,80%Polyamide, 20%Elastane
======LEGO Disney and Pixar ‚ÄòUp‚Äô House 43217 Disney 100 Celebration Building Toy Set for Kids and Movie Fans Ages 9+, A Fun Gift for Disney Fans and Anyone Who Loves Creative Play,Give a movie fan or any kid who lives for high-flying adventures a gift full of details to inspire the imagination with this LEGO Disney and Pixar ‚ÄòUp‚Äô House (43217) set
======Lenovo IdeaPad 1 14IGL7 14" Laptop Intel Pentium Silver N5030 4GB Ram 128 GB eMMC W11H in S mode (Renewed),Intel Pentium Silver N5030 (4C / 4T, 1.1 / 3.1GHz, 4MB)
======Compatible with MacBook Pro Charger, Magnetic L-Type Charger, Replacement Charger for Notebook (White-60W),Replacement charger AC adapter for Mac Book Pro 13/15/17 Before Mid 2012
======Aokosor Womens Summer Tops V Neck T Shirts Swiss Dot Puff Sleeve Tops Loose Casual Tshirts,The material is 60% polyester 35% rayon 5% spandex
======Oojami Serves 50 Easter Dinner Plates Dessert Plates Ideal for Home office restaurants schools church (Plates - 100 Pack),Serves 50 Guests
======USB Hub 3.0 with 7 Ports, VIENON Aluminium USB 3.0 Hub USB Splitter USB Extender for for Laptop, PC, MacBook, Mac Pro, Mac Mini, iMac, Surface Pro and More,„Äê7 Ports at the same time„Äë: This usb port expander for laptop provides stable performance for 7 ports work simultaneously without any pressure and the temperature keeps within moderate range. Perfect solution to the problem of insufficient USB interface of your device.
======LEGO Indiana Jones and the Last Crusade Fighter Plane Chase 77012 Building Set, Featuring a Buildable Car and Airplane Toy, 3 Minifigures Including Indiana Jones, Birthday Gift for Kids 8-12 Years Old,Kids have all they need to relive action from the Indiana Jones and the Last Crusade movie with this LEGO Fighter Plane Chase (77012) playset Indiana Jones plane and car playset ‚Äì
======HP ProBook 445 G8 14" FHD (1920x1080) Business Laptop, Ryzen5 5600U (6-Core), 16GB RAM, 512GB SSD, Webcam, Backlit Keyboard, Fingerprint, Windows 10 Pro (Renewed),HP ProBook 445 G8 14" Laptop for Business/Gaming Laptop
======Meat Thermometer Digital for Cooking and Grilling, Collapsible Probe, with Magnet, Calibration, Backlight Waterproof Food Thermometer, Instant Read Thermometer for Kitchen, Meat, Steak, Turkey,„ÄêEasy operation„ÄëBefore you start using the meat thermometer, please tear off the protective film of the thermometer screen. When you start measuring, unfold the probe from the housing and the meat cooking thermometer will light up and display the current temperature. Foldable probe is convenient for you to adjust the angle of use. If you do not have any use operation here, the digital food thermometer automatically turns off after 10 minutes, as a way to extend the life of the battery, fold the probe to end use.
======AIERSA 6 Pack Replacement Straws Compatible Stanley 40oz Tumbler,Plastic Clear Reusable Straw for Stanley Adventure Quencher Travel Tumbler,Long Straws with Cleaning Brush for Stanley Cup Accessories,Product size: AIERSA provides you with a replacement straw of 11.7inch in length and 0.4inch in diameter, which is perfectly compatible with the Stanley tumbler and comes with a cleaning brush of 11inch in length, don't have to worry about cleaning problems.
======Women's Bags Trendy Fashion Drawstring Bucket Bag Lady Bag Cross-Border Casual Letter Handbag Crossbody,The bag is made of heavy duty polyester, which is durable enough to hold all your belongings
======Lankybox Stickers 50Pcs Lankybox Toys Waterproof Stickers Pack for Water Bottle Laptop Luggage Notebook Phone Skateboard for Kids Teens Adult Girls,üêæ„ÄêAfter-sale service„Äë In order to ensure your 100% satisfaction, we promise that if you have any doubt after receiving the goods, you can return them unconditionally. All goods in the store are distributed, delivered and claims settled by Amazon FBA.
======LEGO DUPLO My First Growing Carrot 10981, Stacking Toys for Babies 1.5+ Years Old with 4 Vegetable Bricks, Learning Educational Toy for Toddlers,LEGO DUPLO Growing Carrot educational toy teaches toddlers ages 1.5+ how plants grow and sustainable living, while honing their stacking skills
======Corsair HS80 RGB WIRELESS Premium Gaming Headset with Dolby Atmos Audio - White(Renewed),Live the Game: The HS80 RGB WIRELESS merges iconic CORSAIR design, superb audio quality, industry-leading wireless technology, and durable build quality.
======45W Charger for Dell Laptop Charger,AC Adapter for Dell Inspiron 15 3000 5000 Series 15-3552 3555 3558 3565 3567 5551 5552 5555 5558 5559 Laptop Power Supply Cord,„ÄêPower Specs„ÄëOutput:19.5V~2.31A~45W;Input:100-240V~1.2A,50-60HZ.Connector Size: interior diameter: 3.0 mm; external diameter: 4.5mm.Ôºàfor 45W Round ConnectorsÔºâ
======Floral Print Tops for Women Short Sleeve Plus Size T Shirts V Neck Casual Workout Shirt Vintage Graphic Boho Tees Henley Tops,women's plus size tops stripe‚ñ≤ÂìÅÁâåÂ∑≤Ê≥®ÂÜåÔºå24Â∞èÊó∂ÂÖ®Â§©ÂÄôÁõëÊµãÔºåÂèëÁé∞Ë∑üÂçñÂøÖÊäïËØâÔºÅ‰∏çÊé•Âèó‰ªª‰ΩïÈÅìÊ≠âË°å‰∏∫ÔºÅOnly‚ñ≤‚ñ≤Womens Tops 2023 Clothes Store‚ñ≤‚ñ≤are genuine,other sellers are fraudulent, and do not deliver goods.
======12 PCS Easter Eggs Filled with Mini Plush Animal Toys, Stuffed Animals Plush Keychain Set for Kids Easter Party Favors, Easter Basket Stuffers Fillers, Easter Egg Hunt, Easter Classroom Prize Supplies,SUPER VALUE: This mini plush animals toys set comes with 12 easter eggs with 12 different mini stuffed animals. They have vivid assorted colors and design.
======Replacement Straw Compatible with Stanley 40 oz 30 oz Cup Tumbler, 6 Pack Reusable Straws with Cleaning Brush for Stanley Adventure Travel Tumbler, Plastic Clear Straw for Stanley Accessories,Compatible: 12.13" length x 0.375" wide , 6 counts long clear straws plus one cleaning brush. Compatible with stanley straw replacement 40 oz 30oz. Better stanley cup accessories.
======Pok√©mon TCG: Scarlet & Violet Booster Display Box (36 packs),The Pok√©mon TCG: Scarlet & Violet Booster Display Box contains 36 booster packs from the New Pok√©mon TCG: Scarlet & Violet expansion
======Amazon Fire HD 8 tablet, 8" HD display, 32 GB, designed for portable entertainment, Black (Renewed Premium),A Certified Refurbished Fire HD 8 is refurbished, tested, and certified to look and work like new and comes with the same limited warranty as a new device.
======Joequality Silverware Organizer with IconsÔºåPlastic Cutlery silverware Tray for DrawerÔºåUtensil Tableware Flatware Organizer for Kitchen with Non-slip TPR,Fits Oversized Drawer,6-CompartmentÔºåGrey,‚úîÔ∏è „ÄêKeep Flatware Accessible And Organized„ÄëOn many occasions, kitchen drawers can become quite disorganized, but not for long.This drawer organizer fits all your standard silverware neatly in its own place and still has room for larger items such as rolling pins , spatulas,scissors and more. Use it to keep utensils organized in a kitchen drawer, on a pantry shelf or on a buffet table.
======LEGO Indiana Jones Escape from The Lost Tomb 77013 Building Toy, Featuring a Mummy and an Indiana Jones Minifigure from Raiders of The Lost Ark Movie, Gift Idea for Kids 8 Years Old,Kids can relive a scene from the Raiders of the Lost Ark movie with this interactive LEGO Escape from the Lost Tomb (77013) Indiana Jones playset
======Stanley Quencher H2.0 FlowState Stainless Steel Vacuum Insulated Tumbler with Lid and Straw for Water, Iced Tea or Coffee, Smoothie and More,YOUR DREAM TUMBLER: Whichever way your day flows, the H2.0 FlowState tumbler keeps you refreshed with fewer refills. Double wall vacuum insulation means drinks stay cold, iced or hot for hours. Choose between our 14oz, 20oz, 30oz, and 40oz options depending on your hydration needs. The narrow base on all sizes fits just about any car cup holder, keeping it right by your side.
======2023 New Pet Toy Flying Saucer Ball, Flying Saucer Ball Dog Toy, Pet Toy Flying Saucer, Flying Saucer Dog Toy, Pet Flying Saucer Ball, Flying Saucer Ball for Dogs.,Pet Toy Flying Saucer Ball - This stomp ball is cool and kinetic, with a lighting sense, the night can also be happy to play, by external force when there are colorful lights, press, and catch the ball more coolly.
======Engfa Easter Egg Decorating Kit, Bunny Egg Mazing Decorating Kit Egg Spinner, Easter Crafts Easter Eggs Decoration Machine with 12 Dying Markers 30 Plastic Fake Eggs and Slings, Kids Easter Gifts,„ÄêMess Free Coloring for Toddlers„Äë: On the coming Easter Day, are you find a easter egg decorating kit spinner for your kids? Our Engfa egg mazing decorating kit is good choice. This egg magic spinner can clamp the egg firmly and then turn on the switch, the easter egg can rotates smoothly. Kids can easy to drawing colorful, nice and clean lines on the eggs with no messy coloring. Perfect easter gift sets for kids!
======Apple 2023 MacBook Pro Laptop M2 Pro chip with 10‚Äëcore CPU and 16‚Äëcore GPU: 14.2-inch Liquid Retina XDR Display, 16GB Unified Memory, 512GB SSD Storage. Works with iPhone/iPad; Space Gray,SUPERCHARGED BY M2 PRO OR M2 MAX ‚Äî Take on demanding projects with the M2 Pro or M2 Max chip. M2 Pro has up to 12 CPU cores, up to 19 GPU cores, and up to 32GB unified memory. M2 Max has 12 CPU cores, up to 38 GPU cores, and up to 96GB unified memory.
======Amazon Basics Tall Open Top Cat Litter Box with High Sides and Cat Litter Scoop,Litter box with high sides to keep litter neatly contained, minimizing litter scattered on the floor
======90S Cartoon Stickers 100PCS Vinyl Waterproof Stickers for Laptop,Bumper,Skateboard,Water Bottles,Computer,Phone,Cartoon Anime Stickers for Kids Teens Adult,üéÄ„ÄêCartoon Stickers„ÄëThis series of stickers including 100pcs are specially designed for Cartoon. All the Stickers are 100% Brand New .Unique Personalized Pattern perfect for Kids/Adult/Teens Gift!
======Dell 11'' HD IPS Chromebook, Intel Celeron Processor Up to 2.40GHz, 4GB Ram, 16GB SSD, Super-Fast WiFi, Chrome OS, Dale Black (Renewed),Intel Celeron Processor Up to 2.40GHz, 4GB Ram, 16GB SSD
======REORIA Women‚Äôs Sexy Plunge Deep V Neck Sleeveless V Backless Going Out Tank Bodysuits Tops,üå∏Material:75%Nylon+25%Spandex.Buttery soft likes the second-skin and amount of stretch gives a smooth, fitting, suck in, look! Breathable and super comfortable to wear.
======Duck Slide Bath Toys for Kids Ages 4-8, Wall Track Building Set 3+ Year Old, Fun DIY Kit Bathtub Time Birthday Gift for Toddler Boys & Girls (34 PCS),„ÄêBATH TOYS for TODDLERS„ÄëTo build up such a toy on the wall of the bathroom, it needs your kid's concentration. The work of designing a wall track will help your toddler to focus. Bath time becomes happier and fast!
======Cool Brand Stickers, 300Pcs Stickers for Water Bottles, Waterproof Vinyl Sticker Packs for Kids Teens Adults, Mixed Stickers for Laptop, Skateboard, Computer, Luggage, Helmets,Cool Brand Stickers: Such a good selection! Each sticker pack contains 300pcs of vinyl stickers with different patterns. Not random delivery, not repeated. The water bottle stickers sizes are 2-3 inches.
======HUTJDHA Denim Jumpsuit for Women,Women's Casual Adjustable Strap Cuffed Hem Denim Y2K Comfy Overalls Shorts Romper & Dress,Material: Cotton Blend, üåπüåπüåπüåπDear Customer, The Size Of The Product Is Too Small, Please Refer To The Last Size Chart In The Picture Or The Size Analysis In The Description Before Purchasing. It Is Recommended To Buy One Size Larger. Welcome! One Size Larger. Welcome!
======Lenovo Thinkpad 13 Laptop 13.3" FHD (1920x1080) IPS Business Laptop, Intel 7th gen Celeron 3865U, 16GB DDR4 RAM, 256GB SSD, Webcam, Window 10 pro (Renewed),Lenovo ThinkPad 13 IPS Business Laptop , with 16GB RMA and 256GB of data.
======102Pcs Taylor Stickers Album Folklore & Evermore Red Swift Decals MerchÔºåWaterproof Vinyl Decal for LaptopÔºåMusic Sticker for Water BottleÔºåSinger Sticker for Car Bumper Luggage Computer SkateboardÔºåGifts for Aldults Boys Girls Teens,High quality: Taylor Stickers Swift Decals is made of waterproof PVC material which are sun protection and waterproof. About 2-4 in 100 pcs Cute stickers No duplicates.
======Logitech G502 X PLUS LIGHTSPEED Wireless Optical mouse with LIGHTFORCE hybrid switches, LIGHTSYNC RGB, HERO 25K gaming sensor, compatible with PC - macOS/Windows - Black (Renewed),Icon reinvented: From the legacy of Logitech‚Äôs most popular G502 design, G502 X PLUS is reimagined and redesigned with the latest innovations in gaming technology; available in black and white
======Electric Lunch Box, 75W Portable Food Heater for Adults, Fast Heating Food Warmer for Car Truck Home Office 110V/12V/24V with 1.5L 304 Stainless Steel Container, Fork Spoon and Bag, Blue+White,75W Fast Heating: This upgraded electric lunch box is designed with 75W high power system, heat food quickly and evenly, get it plugged about 30 minutes before mealtime for self heating, enjoy your favorite meal whenever you like, no need microwave oven, ps: better add some water to food for heating up
======Easter Dog Cat Headband Bandana Set, Holiday Bib Easter Eggs and Cute Bunny csotume for Large Medium Small Puppies Pets (One Size),Pack of 2 Easter headband+Bunny bandana with Easter spirit pattern, bandana size 26.7x 18 x18inches"; This festive Holiday /Easter pet costume fits for cats and small medium and large dogs.
======Pok√©mon TCG: Scarlet & Violet Booster Bundle,Expand your collection with this Booster Bundle containing six booster packs from Pok√©mon TCG: Scarlet & Violet!
======GBSYU Catnip Ball ‚Äñ Catnip Balls for Cats Wall: silvervine for Cats, 3-Piece Silvervine Catnip Cat Toys for Indoor Cats, Edible Cat nips Organic Ball, Cute Silvervine Cat Toy,Best Natural Cat toy: List of ingredients- Organic cat nip, silvervine, and the fruit of silvervine. Mix with a small amount of edible glutinous rice glue to make balls. Our cat chew toy is made from All-Natural Plants that cats love, without any additives.
======Gocooi Dog Training Collar with Remote 1600FT - Training Effect is Obvious, Waterproof Rechargeable Electric Dog Shock Collar for Small Medium Large Dogs with Flashlight Beep Vibration Shock Modes,„ÄêSafe, Effective, Humane Training Modes„ÄëDog training collar with 5 training modes, Beep, Vibration (adjustable 0-9 levels), Safe shock (adjustable 0-99 levels), Flashlight and Keypad lock, Gocooi shock collar enables you to customize the suitable stimulation levels for your furry friend, useful in discouraging dogs from bad behaviors.
======Apple 2021 iPad 9th Gen (10.2 inch, Wi-Fi + Cellular, 64GB) Space Gray (Renewed Premium),Gorgeous 10.2-inch Retina display with True Tone - A13 Bionic chip with Neural Engine
======LEGO Marvel Spider-Man's Car and Doc Ock Set 10789, Spidey and His Amazing Friends Buildable Toy for Kids 4 Plus Years Old with Glow in The Dark Pieces,LEGO Marvel Spider-Man building toy for kids ages 4+ years old features a buildable toy car, glow-in-the-dark web elements and 2 minifigures
======640Pcs Anime Stickers Mixed Pack, Vinyl Waterproof Anime Stickers for Water Bottles Skateboard Laptop Guitar Luggage Cars, 16 Classic Anime Theme Stickers for Adults Teens Kids,„Äê640PSC Anime Stickers„ÄëThe anime sticker pack includes 32 sheets(7.87*5.82 inches), 16 classic anime themes, 40 patterns for each theme, and each sticker is about 1.3-2 inches.Each anime sticker is unique and has no repetition.
======HP OfficeJet Pro 9015e Wireless Color All-in-One Printer with 6 Months Free Ink (1G5L3A) (Renewed Premium),6 MONTHS FREE INK when you activate HP plus ‚Äì Includes 6 months free subscription for Instant Ink delivery service with HP plus activation. Ink ships automatically so you never run out. After 6 months, monthly fee applies unless cancelled, and you save up to 50%.
======WYZE Cam Pan v3 Indoor/Outdoor IP65-Rated 1080p Pan/Tilt/Zoom Wi-Fi Smart Home Security Camera with Motion Tracking for Baby & Pet, Color Night Vision, 2-Way Audio, Works with Alexa & Google Assistant,Indoor/Outdoor: Wyze Cam Pan v3 is a wired pan-and-tilt video camera with an IP65 rating, so you can confidently install it and track the action, whether outside in the rain or inside in the nursery (outdoor use requires Wyze Outdoor Power Adapter v2, sold separately).
======IOKUKI 100 PCS Cute Animal Stickers for Kids, Waterproof Vinyl Aesthetic Decal Sticker Pack for Water Bottle Laptop Phone Skateboard Boys Girls Teens,1. Theme: Cute animal stickers with 100 patterns.
======Bonsenkitchen Vacuum Food Sealer Rolls Bags, 2 Packs 11 in x 20 ft Storage Bags, BPA Free, Durable Commercial Customized Size Food Bags for Food Storage and Sous Vide Cooking,„ÄêBPA FREE„ÄëBonsenkitchen vacuum food sealer roll bags can be microwaved, frozen, re-used, washed, boiled and dishwasher safe. Allows you to precisely control your cooking temperature to achieve perfect results. You can cook sous vide in Bonsenkitchen bags by placing them in water at any temperature up to 230¬∞F/110¬∞C
======COSORI Air Fryer Liners, 100 PCS Square Disposable Paper Liners, Non-Stick Silicone Oil Coating, Little to No Cleaning, 7.9" Unbleached Food Grade, Resistant to 465¬∞F, Thickened Not Easy to Break,ADDED PROTECTION & EASY CLEANUP: The waterproof, oilproof, and nonstick liners extend the life of the basket by protecting it from food residue and scratches while making cleanup a breeze. 
======Benebone Tripe Bone Durable Dog Chew Toy for Aggressive Chewers, Real Tripe, Made in USA, Medium,DURABLE, LONG-LASTING ‚Äì Super chewer? Bring it on. Benebones are tougher than real bones and last for weeks.
======Pokemon TCG: Crown Zenith Elite Trainer Box,10 Pok√©mon TCG: Crown Zenith booster packs
======YETI Rambler 35 oz Straw Mug, Vacuum Insulated, Stainless Steel, Seafoam,Built to house 35 ounces of your favorite cold beverages, this is one hefty hydrator. Supremely insulated and made with an elevated handle and a cup holder-compatible design
======Stanley Adventure Quencher Travel Tumbler 40 oz - Peach Tie Dye,Keeps drinks hot for 7 hours
======USB Hub, PHIXERO 4-Port USB 3.0 Hub Multi USB Port Expander, Fast Data Transfer USB Splitter for Laptop, Compatible with All USB Port Device,„Äê5Gbps High-Speed Transmission„ÄëUSB 3.0 hub provides 5 Gbps stable data transfer, it is fast enough to transfer an HD movie in seconds. Backward compatible with USB 2.0 and USB 1.1 devices,and compatible with OTG function. (To use this function, the mobile phone needs to support OTG function)
======Cat Water Fountain, GIOTOHUN Faucet-Shaped 67oz/2L Cat Fountain, Super Silent Pet Water Fountain, Built-In Led Light, Activated Carbon Filter, Translucent Water Tank, Suitable for Multiple Pets, Black,„Äê2L Capacity, Removable And Easy To Clean Parts„Äë The cat water fountain has 2L (64oz), so you don't need to refill it frequently. A cat water fountain filled with water can provide your pet with 4-6 days of drinking water, making your trip worry-free. The cat water fountain has a detachable design and its parts are removable, which is very convenient for you to replace or clean.
======SAMSUNG Galaxy Watch 5 44mm Bluetooth Smartwatch w/Body, Health, Fitness and Sleep Tracker, Improved Battery, Sapphire Crystal Glass, Enhanced GPS Tracking, US Version, Gray (Renewed),ADVANCED SLEEP COACHING: Manage your overall sleep quality with an advanced sleep tracker that detects and analyzes sleep stages while you rest; Plus, Advanced Sleep Coaching helps you develop better sleep habits by analyzing your sleep patterns*.Supported Application:Fitness Tracker,Blood Pressure Monitor,Multisport Tracker,Time Display,GPS. Connectivity technology:Bluetooth. Wireless comm standard:Bluetooth,802_11_AGNAC
======Dimur Womens Tops Dressy Casual V Neck Criss Cross T Shirts Cute Clothes Summer Fashion,60% polyester/35% rayon/5% spandex Soft, Breathable and Comfortable
======OFEEFAN Women's Pleated Puff Sleeve Tops Summer V Neck T Shirts Loose Blouses Dressy Casual S-3XL,95% Polyester, 5% Spandex
======Flamingals Straight Leg Jeans for Women Casual Raw Hem Mid Waisted Pull on Jeans 2023 Trendy,69% Cotton, 27% Polyester, 2% Viscose, 2% Spandex
======Apple iPhone SE 3rd Gen, 256GB, RED - Unlocked (Renewed Premium),4.7-inch Retina HD display. 5G capable
======Magic: The Gathering March of the Machine Commander Deck 2 + Collector Booster Sample Pack,Cavalry Charge (White-Blue-Black deck)‚Äî100-card ready-to-play March of the Machine Commander Deck with 2 Traditional Foil Legendary cards and 98 nonfoil cards
======XIEERDUO Womens Summer Tops Casual V Neck T Shirts Short Sleeve Shirts Loose Fit Flowy,The material is 60% polyester 35% rayon 5% spandex
======Flea and Tick Prevention for Dogs Chewables - All Natural Dog Flea & Tick Control - Flea and Tick Chews for Dogs - Oral Flea Pills for Dogs Supplement - All Breeds and Ages - Made in USA - 120 Tablets,„ÄêNatural Flea And Tick Prevention For Dogs„ÄëKeep your dog safe from fleas and ticks with our supplement. Our formula uses only natural ingredients to help prevent pesky pests from biting your dog
======Amazon Fire HD 10 tablet, 10.1", 1080p Full HD, 64 GB, latest model (2021 release), Black (Renewed Premium),A Certified Refurbished Fire HD 10 tablet is refurbished, tested, and certified to look and work like new and comes with the same limited warranty as a new device. Certified Refurbished Amazon devices may be packaged in generic Amazon-branded boxes.
======ANRABESS Women Swimsuit Crochet Swim Cover Up Summer Bathing Suit Swimwear Knit Pullover Beach Dress,100% Acrylic
======REORIA Women's Sexy Casual V Neck Double Lined Sleeveless Slimming Going Out Tank Top Bodysuits,üå∏Material:75%Nylon+25%Spandex.Buttery soft likes the second-skin and amount of stretch gives a sucking in,breathable and super comfortable to wear.
======Apple 2023 MacBook Pro Laptop M2 Pro chip with 12‚Äëcore CPU and 19‚Äëcore GPU: 16.2-inch Liquid Retina XDR Display, 16GB Unified Memory, 512GB SSD Storage. Works with iPhone/iPad; Space Gray,SUPERCHARGED BY M2 PRO OR M2 MAX ‚Äî Take on demanding projects with the M2 Pro or M2 Max chip. M2 Pro has 12 CPU cores, 19 GPU cores, and up to 32GB unified memory. M2 Max has 12 CPU cores, up to 38 GPU cores, and up to 96GB unified memory.
======Squishmallows 30-Inch Beula Octopus Pet Bed - Large Ultrasoft Official Squishmallows Plush Pet Bed,SQUAD UP Grow your Squishmallows Squad with this 30-inch super-soft Beula octopus bolster pet bed
======Drinco 40oz 30 oz Tumbler with Handle, Straw Lid, Insulated Stainless Steel Travel Mug Water Bottle Ice Coffee Cup For Cold and Hot, BigSur (40oz, Peach),‚úÖ PREMIUM QUALITY STAINLESS STEEL: The Drinco travel tumbler with straw has been constructed with a sturdy stainless steel body a material lauded for its durability. Effective insulation with a see-through screw on cap to keep your drinks hot and cold.
======Coomazy Dog Lick Mat, Dog Slow Feeder, Boredom and Anxiety Reducer, Non-Slip Design Lick Mat for Dogs and Cats, Suitable for Treats, Yogurt, Peanut Butter and Liver Paste, BPA-Free, Non-Toxic, Grey,„ÄêFood-Grade Material„Äë---100% edible silicone, free of BPA and phthalates, environmentally safe. The thickened silicone mat soft, durable, flexible, waterproof, foldable.. At the same time, the three textures designed for dogs do not hurt their tongues and keep them safe.
======Fire HD 10 Tablet (64 GB, Black, Lockscreen Ad Supported) + Keyboard Case,Fire HD 10 is fast and responsive with a powerful octa-core processor and 3 GB RAM. 50% more RAM than previous generation.
======45W USB C HP Chromebook Charger Replacement for HP Chromebook 14 14A G5 11 11A G6 EE G7 G8 R13 X360 14-ca051wm ca052wm ca091wm ca061dx 11-ae051wm ae001tu ae027nr 12-c012dx Laptop Power Supply Cord,üîå Fast and efficient charging:100% Brand New, DC-Output : 5V--3A 9V--3A 12V--3A 15V--3A 18V--2.5A 20V--2.25A Input : 100-240V - 1.3A 50/60 Hz,Chromebook Laptop Charger for students and office workersÔºõOur 45W Type C charger ensures your devices are charged quickly, so you can get back to work or play without delay.Our charger is compatible with a wide range of devices
======ASUS RT-AX86U Pro (AX5700) Dual Band WiFi 6 Extendable Gaming Router, 2.5G Port, Gaming Port, Mobile Game Mode, Port Forwarding, Subscription-Free Network Security, VPN, AiMesh Compatible,New-generation WiFi 6 - Enjoy ultrafast speeds up to 5700 Mbps with the latest WiFi 6 (802.11ax) and 160MHz channels
======Chunky Gold Hoop Earrings for Women, Lightweight Waterdrop Hollow Open Hoops, Hypoallergenic Gold Plated Earrings Fashion Jewelry for Women Girls,[Must Have Hoop Earring] This Earring Dupes are the trendy earrings dupes. Gold hoop earrings crafted to be lightweight for easy all-day wear.
======SINROBO Catnip Ball for Cats Wall, 4 Pack Catnip Toys, Silvervine Balls, Edible Kitty Toys for Cats Lick, Safe Healthy Kitten Chew Toys, Teeth Cleaning Dental Cat Toys, Cat Wall Treats (Grey),„Äê100% Natural and Non-toxic„ÄëThe catnip balls are made of pure natural plant extracts, no chemical additives contained. Rest assured this toy is no harm to your favorite kitty
======