Ezzat,
Michael,
Yahya,
Aubrey,
Lan,
Jin,
Hussein,
Ismail,
Lan-Ying,
Min,
Joshua,
Aurora,
Sreyne,
Soo,
Camila,
Kiki,
Emad,
Asad,
Moon,
Shu,
Shilpa,
Aziz,
Audrey,
Josiah,
Heng,
Majid,
Ayumi,
Izumi,
Sebastian,
Bhavana,
Mia,
Dylan,
Haruka,
Shuang,
Shikha,
Seiko,
Sila,
Oanh,
Imad,
Bilal,
Li,
Joon,
Kana,
Henry,
Liwei,
Waleed,
Hui,
Qasim,
Kim,
Olivia,
Osamu,
Ren,
Dong,
Kazuo,
Shizuka,
Harper,
Keiko,
Tamer,
Aiden,
Mei,
Maya,
Ellie,
Risa,
Meng,
Abigail,
Raed,
Jang,
Brooklyn,
Luong,
Layla,
Si,
Hisashi,
Lei,
Lucy,
Luay,
Victoria,
Shigeru,
Ahmad,
Shi,
Mohammad,
Lulu,
Wassim,
Anthony,
Issei,
Caleb,
Chun,
Sreymom,
Badr,
Le,
Jae-Sun,
Jae-Hwa,
Nidal,
Ho,
Adel,
Ly,
Penelope,
Charles,
Fouad,
Aravind,
Asher,
Rin,
Saeko,
Essam,
Jalal,
Jacob,
Ding,
Aarav,
Ghassan,
Karim,
Nam,
Naoki,
Kassem,
Quan,
Salman,
Rashid,
Ki,
Sami,
Hani,
Lixin,
Evelyn,
Savannah,
Grace,
Roman,
Shanti,
Ryoko,
Lillian,
Khai,
Sarika,
Ok,
Minh,
Jing,
Emilia,
Scarlett,
Claire,
Daniel,
Ziad,
Hina,
Jie,
Divya,
Christian,
Da,
Emma,
Manami,
Kumiko,
Abdullah,
Ezra,
Ahana,
Fan,
Elijah,
Hua,
Lien,
Khalid,
Fang,
Do,
Ma,
Luna,
Hon,
Somsak,
Ju-Won,
Levi,
Sulaiman,
Qassim,
Aref,
Avery,
Khaled,
Rashmi,
Lincoln,
Muhannad,
Ishan,
Jee-Hye,
Ashok,
Haru,
Hoa,
Gabriel,
Gia,
Leo,
Ito,
Jafar,
Dawoud,
Adam,
Jun,
Samer,
Fadi,
Nina,
Hanako,
Advait,
Hee-Young,
Grayson,
Ayaan,
Pham,
James,
Narae,
William,
Mila,
Nabil,
Isabella,
Omar,
Riley,
Nhan,
Kun,
Shin,
Natalie,
Samir,
Hayato,
Bhumika,
Shan,
Naomi,
Ava,
Neha,
Fahad,
Kai,
Eli,
Faisal,
Amir,
Siu,
Mounir,
Alec,
Hsiu,
Qing,
Elena,
Nhu,
Laith,
Sophea,
Nia,
Asa,
Sa,
Samuel,
Aniruddha,
Chi,
Ichiro,
Jihad,
Skylar,
Andrew,
Khalil,
Ning,
Alexander,
Lun,
Rie,
Mohsen,
Majd,
Nathan,
Mizuki,
Rafik,
Rahim,
Hiroko,
Mai,
Mazin,
Mateo,
Azim,
Myung,
Violet,
Bashar,
Rashad,
Genesis,
Ethan,
Chin,
Aaliyah,
Oki,
Siddharth,
Dan,
Amina,
Sok,
Seiichi,
Luke,
Lutfi,
Ritsuko,
Benjamin,
Emily,
Katsu,
Carter,
Sheng,
Nakia,
Rika,
Sang,
Saeed,
Nikki,
Sook,
Nolan,
Nova,
Brennan,
Ran,
Sita,
Tariq,
Nga,
Shen,
Paisley,
Chuong,
Hong,
Nhi,
Addison,
Hung,
Jinho,
Charlotte,
Elizabeth,
Ehab,
Anjali,
Jai,
Stella,
Lucky,
Nori,
Jaxon,
Rami,
Lin,
Ming,
Bella,
Anushka,
John,
Elias,
Anika,
Luyi,
Kuan,
Oy,
Ayman,
Qi,
Hiro,
Bing,
Anmol,
Christopher,
Riya,
Enrique,
Nora,
Aryan,
Kwon,
Pang,
Everly,
Chloe,
Hae-Won,
Mustafa,
Farouk,
Chen,
Meili,
Shun,
Jian,
Talal,
Khanh,
Caroline,
Kiyoko,
Liam,
Bai,
Said,
Hannah,
Kareem,
Aiko,
Jayden,
Mazen,
Ru,
Simon,
Avi,
Hikaru,
Makoto,
Ryo,
Emi,
Ryan,
Cai,
Qian,
Karam,
Eyad,
Michiko,
Dhananjay,
Nu,
Hassan,
Lily,
Bong,
Kamal,
Saad,
Wyatt,
Jae-Hee,
Song,
Adrian,
Jawad,
Mahmoud,
Hamza,
Sophia,
Bridgette,
Hunter,
Amelia,
Arjun,
Fu,
Aditi,
Jonathan,
Owen,
Bassam,
Kang,
Meiling,
Brielle,
Rong,
Ari,
Ash,
Axel,
Majdi,
Asem,
Isaac,
Musa,
Connor,
Mitsuru,
Liyuan,
Hana,
Munir,
Ansh,
Noah,
Mason,
Sofia,
Bao,
Majed,
Ella,
Natsu,
Ling,
Hisham,
Feng,
Eleanor,
Sakura,
Aria,
Maher,
Shih,
Youssef,
Joseph,
Nobuko,
Firas,
Thomas,
Dipesh,
Nabeel,
Ali,
Shanika,
Aaron,
Nasser,
Madison,
Alexis,
Ji,
Bharat,
Phuong,
Dany,
Ghaith,
Boon,
Chang,
Matthew,
Aman,
Linh,
Muna,
Duong,
Isabelle,
Akira,
Sonia,
David,
Zoe,
