Echo Dot (4th Generation),
Fujifilm Instax Mini 11 Instant Camera,
Apple Watch Series 7,
Nintendo Switch,
Bose QuietComfort 35 II Wireless Headphones,
Instant Pot Duo Nova Pressure Cooker,
Fitbit Charge 5 Fitness Tracker,
Sony WH-1000XM4 Wireless Headphones,
Kindle Paperwhite E-Reader,
Anker PowerCore Portable Charger,
Tile Mate Bluetooth Tracker,
Philips Sonicare Electric Toothbrush,
JBL Flip 5 Portable Bluetooth Speaker,
Tile Pro Bluetooth Tracker,
Garmin Forerunner 945 GPS Running Watch,
Nespresso Vertuo Coffee and Espresso Maker,
Roku Streaming Stick+,
Apple AirPods Pro,
Instant Pot Duo Crisp and Air Fryer Combo,
Le Creuset Enameled Cast Iron Skillet,
Google Nest Mini (2nd Generation),
23andMe DNA Test - Health + Ancestry Kit,
Samsung Galaxy Buds Pro,
True Wireless Earbuds,
Yeti Rambler 20 oz Tumbler,
Kindle Oasis E-Reader,
Ring Video Doorbell Pro,
Fitbit Sense Advanced Smartwatch,
Philips Norelco Multigroom Series 7000,
Logitech C922x Pro Stream Webcam,
Philips Hue White and Color Ambiance A19 LED Smart Bulb,
GoPro HERO9 Black Waterproof Action Camera,
Breville BES870XL Barista Express Espresso Machine,
Google Nest Hub (2nd Generation),
Ninja Foodi Digital Air Fry Oven,
Apple iPad Air (4th Generation),
Samsung Galaxy Watch4 Classic Smartwatch,
Fire TV Stick 4K streaming device with Alexa Voice Remote,
Canon EOS Rebel T8i DSLR Camera,
Anker Soundcore Liberty Air 2 Pro True Wireless Earbuds,
Philips Sonicare DiamondClean Smart Electric Toothbrush,
HP Envy 13.3" Touch-Screen Laptop,
Le Creuset Enameled Cast Iron Skillet,
Google Nest Mini (2nd Generation),
23andMe DNA Test - Health + Ancestry Kit,
Samsung Galaxy Buds Pro,
True Wireless Earbuds,
Yeti Rambler 20 oz Tumbler,
Kindle Oasis E-Reader,
Ring Video Doorbell Pro,
Fitbit Sense Advanced Smartwatch,
Philips Norelco Multigroom Series 7000,
Logitech C922x Pro Stream Webcam,
Philips Hue White and Color Ambiance A19 LED Smart Bulb,
GoPro HERO9 Black Waterproof Action Camera,
Breville BES870XL Barista Express Espresso Machine,
Google Nest Hub (2nd Generation),
Ninja Foodi Digital Air Fry Oven,
Apple iPad Air (4th Generation),
Samsung Galaxy Watch4 Classic Smartwatch,
Fire TV Stick 4K streaming device with Alexa Voice Remote,
Canon EOS Rebel T8i DSLR Camera,
Anker Soundcore Liberty Air 2 Pro True Wireless Earbuds,
Philips Sonicare DiamondClean Smart Electric Toothbrush,
HP Envy 13.3" Touch-Screen Laptop,
Beats Studio3 Wireless Over-Ear Headphones,
Cricut Explore Air 2 Cutting Machine,
Bose SoundLink Revolve+ Portable Bluetooth Speaker,
iRobot Roomba 675 Robot Vacuum,
Sony Playstation 5,
Dyson Cyclone V10 Motorhead Cordless Vacuum,
Keurig K-Mini Plus Coffee Maker,
Sennheiser Momentum 3 Wireless Noise Cancelling Headphones,
Instant Pot Aura Pro Multi-Use Programmable Slow Cooker,
Nintendo Switch Lite,
Fitbit Inspire 2 Fitness Tracker,
Samsung 32-Inch Class N5300 Smart Full HD LED TV,
AmazonBasics 16-Piece Kitchen Dinnerware Set,
Anova Culinary Sous Vide Precision Cooker,
Apple iPhone 13,
Bose Frames Audio Sunglasses,
Fitbit Versa 3 Smartwatch,
Garmin Venu 2 GPS Smartwatch,
Google Pixel 6,
Instant Pot Ultra 10-in-1 Electric Pressure Cooker,
JBL Xtreme 3 Portable Bluetooth Speaker,
Kindle Kids Edition,
LG OLED TV (2021),
Microsoft Surface Laptop 4,
Nest Learning Thermostat,
Oculus Quest 2 Advanced All-In-One Virtual Reality Headset,
Philips Norelco OneBlade Hybrid Electric Trimmer and Shaver,
Samsung Galaxy Tab S7+,
Sonos One (Gen 2) - Voice Controlled Smart Speaker,
Tile Sticker Bluetooth Tracker,
Vitamix 5200 Blender Professional-Grade,
Xbox Series X,
YETI Hopper BackFlip 24 Soft Sided Cooler,
Zojirushi NS-ZCC10 Rice Cooker and Warmer,
Apple AirTag,
Anker Soundcore Flare Mini Bluetooth Speaker,
Bose Frames Tempo Audio Sunglasses,
Canon EOS R6 Full-Frame Mirrorless Camera,
Casper Sleep Foam Mattress,
Cuisinart DFP-14BCNY 14-Cup Food Processor,
Dell XPS 13 Laptop,
DJI Mini 2 Fly More Combo Drone,
Echo Show 8 (2nd Generation),
Emeril Lagasse Power Air Fryer 360,
Fitbit Luxe Fitness Tracker,
Google Pixel Buds (2nd Generation),
HP Sprocket Portable Photo Printer,
Instant Pot Max Pressure Cooker,
JBL Charge 5 Waterproof Portable Bluetooth Speaker,
Keurig K-Elite Single Serve Coffee Maker,
Lululemon Wunder Under High-Rise Tights,
Microsoft Surface Pro 7,
Nespresso Pixie Espresso Machine,
Ninja Foodi 8-Quart 9-in-1 Deluxe XL Pressure Cooker,
Oculus Rift S PC-Powered VR Gaming Headset,
Philips Sonicare ProtectiveClean 6500 Rechargeable Electric Toothbrush,
Samsung Galaxy A52 5G Smartphone,
Sennheiser CX 400BT True Wireless Earbuds,
Shark IQ Robot Self-Empty Robotic Vacuum,
Sony WH-1000XM3 Wireless Noise-Canceling Headphones,
Starbucks Verismo System by Starbucks,
Swatch SISTEM51 Automatic Watch,
TCL 55-Inch 6-Series 4K UHD TV,
Toshiba EM131A5C-BS Microwave Oven,
Traeger Ironwood 885 Pellet Grill,
Ultimate Ears WONDERBOOM 2 Waterproof Bluetooth Speaker,
Vitamix A3500 Ascent Series Smart Blender,
Xbox Wireless Controller,
Yamaha YAS-209 Sound Bar with Wireless Subwoofer,
Zojirushi BB-CEC20 Home Bakery Supreme Breadmaker,
AirPods Max Over-Ear Headphones,
Amazon Echo Dot (4th Generation),
Apple iPad (9th Generation),
Arlo Pro 3 Wireless Home Security Camera System,
Bose QuietComfort Earbuds,
Casio G-Shock DW5600E-1V Men's Watch,
Cole Haan Original Grand Wingtip Oxford Shoes,
Dyson Airwrap Complete Styler,
Ember Temperature Control Smart Mug,
Fender Player Stratocaster Electric Guitar,
Fitbit Ace 3 Kids Fitness Tracker,
Garmin GPSMAP 66i GPS Handheld Satellite Communicator,
GoPro HERO10 Black Action Camera,
Jabra Elite 85t True Wireless Earbuds,
JBL PartyBox 1000 High Power Wireless Bluetooth Party Speaker,
KitchenAid Artisan Stand Mixer,
Leatherman Wave Plus Multitool,
Logitech MX Master 3 Advanced Wireless Mouse,
Lululemon Reversible Yoga Mat,
Madden NFL 22 Video Game,
Mavic Air 2S Drone,
Ninja Foodi Power Nutri DUO Smoothie Bowl Maker and Personal Blender,
Oculus Quest 2 All-In-One Virtual Reality Headset,
Philips Sonicare FlexCare+ Electric Toothbrush,
Samsung Galaxy S21 Ultra 5G Smartphone,
Sennheiser HD 660 S Open-Back Headphones,
Sonos Beam Smart TV Sound Bar,
Sony a7 III Full-Frame Mirrorless Camera,
Staub Cast Iron Dutch Oven,
Tamron 28-75mm f/2.8 Di III RXD Lens for Sony E-Mount,
Theragun Elite Percussive Therapy Device,
Tile Essentials Bluetooth Tracker Pack,
Under Armour Men's ColdGear Base 4.0 Leggings,
Vitamix Explorian Blender,
Weber Spirit II E-310 Gas Grill,
Xbox Game Pass Ultimate Subscription,
YETI Hopper Flip 8 Soft Sided Cooler,
Zojirushi SM-SA60-BA Stainless Steel Mug,
Aesop Resurrection Aromatique Hand Wash,
Anthropologie Agate Cheese Board,
Barefoot Dreams CozyChic Throw Blanket,
Bath and Body Works Aromatherapy Stress Relief Candle,
Breville Barista Express Espresso Machine,
Casper Humidity Fighting Duvet,
Chewy Gooey Crispy Crunchy Melt-in-Your-Mouth Cookies by Alice Medrich,
Columbia Men's Powder Pass Jacket,
Dyson Supersonic Hair Dryer,
Fujifilm Instax Mini Link Smartphone Printer,
GIR Ultimate Spatula,
Herschel Supply Co. Little America Backpack,
Illy Caffe Espresso Coffee,
Instant Pot Lux Mini 6-in-1 Electric Pressure Cooker,
J.Crew Mercantile Men's Wool Crewneck Sweater,
JBL Charge 5 Waterproof Portable Bluetooth Speaker,
Kate Spade New York Lunch Tote,
Kendra Scott Elisa Pendant Necklace,
Kiehl's Since 1851 Creme de Corps Body Moisturizer,
Le Creuset Signature Enameled Cast-Iron Round French Oven,
Lululemon Reversible Mat,
Manhattan Toy Wimmer-Ferguson Infant Stim-Mobile for Cribs,
Mason Pearson Popular Mixture Hairbrush,
Michael Kors Jet Set Travel Tote,
Nike Men's Air Zoom Pegasus 38 Running Shoes,
NordicTrack Commercial 1750 Treadmill,
Olympus PEN E-PL9 Mirrorless Camera,
Patagonia Men's Better Sweater Quarter Zip,
Philips Sonicare ProtectiveClean 5100 Rechargeable Electric Toothbrush,
Prada Saffiano Leather Card Holder,
Riedel Vinum Wine Glasses,
Samsonite Winfield 2 Hardside Luggage,
S'well Vacuum Insulated Stainless Steel Water Bottle,
Tatcha The Dewy Skin Cream,
The North Face Men's Thermoball Eco Jacket,
Tory Burch Gemini Link Canvas Tote,
Ugg Scuffette II Slipper,
Under Armour Men's Raid 10-inch Shorts,
Veja V-10 Leather Sneakers,
Vitamix 7500 Blender,
WÃ¼sthof Classic 8-Inch Chef's Knife,
YETI Roadie 24 Hard Cooler,
Zwilling J.A. Henckels Four Star 8-Piece Knife Block Set,
All-Clad D3 Stainless Steel Frying Pan Set,
Anthropologie Capri Blue Iridescent Jar Candle,
Balenciaga Logo Jacquard Scarf,
Birkenstock Arizona Sandals,
Boll & Branch Signature Soft Sheet Set,
Bose SoundLink Revolve Portable Bluetooth Speaker,
Brooks Brothers Men's Cable-Knit Cashmere Sweater,
Casper Sleep Foam Pillow,
Chantecaille Rose de Mai Face Oil,
Citizen Eco-Drive Chandler Field Watch,
Clarks Desert Boots,
Cole Haan Grand Crosscourt II Sneakers,
Columbia Women's Heavenly Long Hooded Jacket,
Cuisinart Pure Indulgence Ice Cream Maker,
Danby Designer Compact Refrigerator,
De'Longhi Dedica Espresso Machine,
Dyson Cyclone V10 Absolute Cordless Vacuum Cleaner,
Fjallraven Kanken Backpack,
Garmin Forerunner 945 GPS Running Watch,
Herschel Supply Co. Novel Duffel Bag,
JBL Flip 5 Waterproof Portable Bluetooth Speaker,
Kate Spade New York Margaux Medium Tote,
Kiehl's Since 1851 Ultra Facial Cream,
Le Creuset Stoneware Heritage Covered Rectangular Casserole,
Lululemon Men's City Sweat Jogger,
Manolo Blahnik Hangisi Flat,
Michael Kors Access Gen 5 Bradshaw Smartwatch,
Nespresso VertuoPlus Coffee and Espresso Maker,
Nike Women's Air Force 1 '07 Sneakers,
North Face Women's Gotham Jacket II,
Oakley Holbrook Sunglasses,
Patagonia Men's Nano Puff Jacket,
Philips Norelco OneBlade Hybrid Electric Trimmer and Shaver,
Prada Saffiano Leather Wallet,
Ralph Lauren Classic Fit Mesh Polo Shirt,
Ray-Ban Classic Aviator Sunglasses,
Rothy's Women's Flats,
Salvatore Ferragamo Reversible Leather Belt,
Samsung Galaxy Watch 4 Classic,
S'well Stainless Steel Wine Chiller,
Sonos Move Portable Wireless Smart Speaker,
Staub Cast Iron Fry Pan,
Tory Burch Women's Kira Chevron Quilted Leather Shoulder Bag,
Tumi Alpha 3 Expandable Carry-On Luggage,
UGG Classic Mini II Boots,
Under Armour Women's Charged Cotton Sportstyle Left Chest Lockup T-Shirt,
Veja V-10 Sneakers,
Vineyard Vines Classic Pique Polo Shirt,
Wusthof Classic Ikon 7-Inch Santoku Knife,
YETI Rambler 26 oz. Bottle,
Zwilling J.A. Henckels Pro 8-Inch Chef's Knife